label,text
spam,"Your Netflix account will be suspended today unless you update payment info here: [link]"
spam,"Apple Security: Unusual sign-in attempt detected from Russia. Verify now: [link]"
spam,"Package delivery failed – update your address immediately: [link]"
spam,"You’ve been selected for a free iPhone 16! Claim in 24 hours: [link]"
spam,"Bank Alert: Your account has been locked due to suspicious activity. Restore access: [link]"
spam,"PayPal: A payment of $899.99 was sent to unknown device. Dispute it here: [link]"
spam,"Your McDonald’s survey is ready – complete it for a free Big Mac: [link]"
spam,"Hi Mom, my phone fell in water, this is my new number. Can you send me $500 on Zelle quick?"
spam,"Amazon: Unusual activity on your account. Confirm your identity: [link]"
spam,"IRS Tax Refund Approved – $1,872.44 waiting. Click to process: [link]"
spam,"Congratulations! You won $1,000 Walmart gift card. Claim now: [link]"
spam,"Your Coinbase account is restricted. Verify identity within 24h or lose funds: [link]"
spam,"FedEx: Your parcel is held at customs. Pay $2.99 release fee: [link]"
spam,"Urgent: Your Wells Fargo card starting ****1234 was used at Target $412. Confirm or decline?"
spam,"You have 1 voicemail from an unknown number. Listen here: [link]"
spam,"Crypto giveaway! Elon Musk is giving away 5,000 BTC. Send 0.1 BTC first: [link]"
spam,"Your Norton subscription auto-renewed for $499.99. Call this number to cancel."
spam,"Hi Dad it’s me, lost my phone, need $800 Apple gift cards for emergency please."
spam,"Venmo: Someone sent you $1,200 but you must upgrade account to receive it: [link]"
spam,"Your Social Security Number has been suspended due to fraudulent activity. Call 1-877-xxx-xxxx immediately."
spam,"Congratulations! Your number won the UK Lottery £850,000. Contact agent: [email]"
spam,"Your USPS package has an unpaid shipping fee of $0.50. Pay here: [link]"
spam,"Microsoft Alert: Your Windows license expires today. Renew now: [link]"
spam,"Cash App: Your $750 payment is on hold. Verify to release: [link]"
spam,"Your Chase account is locked. Reset password immediately: [fake chase link]"
spam,"Free Starbucks for a year – just pay $4.95 shipping: [link]"
spam,"Your credit score dropped 120 points today. Check free report: [link]"
spam,"Hi it’s Sarah from HR, can you buy 5 x $100 Google Play cards for a client today? I’ll pay you back."
spam,"Toll road violation – pay $3.95 fine to avoid $150 fee: [link]"
spam,"Your Gmail will be deleted in 48 hours for policy violation. Appeal here: [link]"
spam,"Spectrum: Your bill is overdue. Pay now to avoid disconnection: [link]"
spam,"You’re pre-approved for $250,000 loan, 0% interest first month only: [link]"
spam,"Your Facebook account will be disabled for copyright violation. Appeal: [link]"
spam,"Bitcoin doubled overnight! Invest $250 get $5,000 in 24h: [link]"
spam,"Your Walmart order #WM8821 for PS5 has shipped. Track: [link with malware]"
spam,"Emergency! I’m stuck in London, lost wallet, please send money via Western Union."
spam,"Your AT&T account is suspended. Restore service: [link]"
spam,"You have a new eFax – 3 pages. View document: [link]"
spam,"Your Robinhood account shows suspicious login from Nigeria. Secure now: [link]"
spam,"Tax refund of $3,216 pending. Finalize here: [link]"
spam,"Your Instagram copyright violation reported. Verify in 24h or lose account: [link]"
spam,"DHL: Attempted delivery failed. Reschedule: [link]"
spam,"Your Capital One card was charged $1,200 at Best Buy. Reply YES if this was you."
spam,"Free government grant $37,000 available – no repayment. Apply now: [link]"
spam,"Your Verizon bill is past due $89.67. Pay now: [link]"
spam,"You won a cruise! Just pay port fees $199: [link]"
spam,"Your Bank of America account limited. Unlock here: [link]"
spam,"Hi Grandma, it’s your favorite grandson. I’m in jail, need bail money, don’t tell mom."
spam,"Your Amazon Prime membership expired. Renew for $9.99: [fake link]"
spam,"UPS: Your package requires $1.20 customs fee. Pay here: [link]"
spam,"Your PayPal account limited due to unusual activity. Resolve now: [link]"
spam,"Congratulations! You’re our 1,000,000th visitor – claim iPad: [link]"
spam,"Your debit card is locked. Call this number to reactivate: 1-855-xxx-xxxx"
spam,"Bitcoin investment opportunity – turn $500 into $50,000 in 7 days."
spam,"Your T-Mobile account suspended for non-payment. Restore: [link]"
spam,"You have a new secure message from HMRC (UK tax). View: [link]"
spam,"Your DoorDash account charged $187. Not you? Cancel transaction: [link]"
spam,"Free $500 Shein gift card – just complete short survey: [link]"
spam,"Your Wells Fargo online banking suspended. Log in to restore: [phishing site]"
spam,"Police warrant issued for your arrest due to tax evasion. Call to clear: 1-888-xxx-xxxx"
spam,"Your Netflix payment declined. Update card to continue watching: [link]"
spam,"You won $5,000 from Publishers Clearing House! Send $250 processing fee."
spam,"Your Xfinity service will be disconnected in 2 hours. Pay bill: [link]"
spam,"Emergency alert: Your SSN is linked to criminal activity. Call FBI agent: [number]"
spam,"Your Cash App weekly limit reached. Upgrade to receive $1,000 bonus: [link]"
spam,"Your eBay account suspended for suspicious selling. Verify: [link]"
spam,"Your student loan is eligible for forgiveness – apply free: [link asking SSN]"
spam,"Your Target order for AirPods canceled due to payment issue. Retry: [link]"
spam,"Your LinkedIn account will be deleted for inactivity. Log in now: [link]"
spam,"Free iPhone 15 giveaway by Verizon – enter here: [link]"
spam,"Your Citibank card locked after $900 Apple Store purchase. Approve or deny?"
spam,"You have $2,300 pending on PayPal payment. Accept here: [link]"
spam,"Your Adobe subscription renewed $599. Call to cancel and refund."
spam,"Your Uber account charged $140 for ride in Chicago. Dispute: [link]"
spam,"Your Dropbox full – upgrade storage for $1 first month: [link]"
spam,"Your McAfee subscription expired. Renew to stay protected: [link]"
spam,"Your Binance account locked. Verify KYC immediately: [link]"
spam,"Your Spectrum internet suspended. Reconnect now: [link]"
spam,"You won $1 million from Mega Millions! Contact claims agent."
spam,"Your AOL email will be terminated. Update info: [link]"
spam,"Your Chick-fil-A reward: Free meal for completing survey: [link]"
spam,"Your Discover card starting ****5678 used at Walmart $678. Reply NO if not you."
spam,"Your Etsy account has suspicious login from Ukraine. Secure now: [link]"
spam,"Your Comcast Xfinity: Past due balance. Pay to avoid cutoff: [link]"
spam,"Your Steam account compromised. Change password here: [fake steam link]"
spam,"Your Social Security benefits suspended. Call to reinstate: 1-800-xxx-xxxx"
spam,"Your Fidelity account limited. Log in to restore access: [link]"
spam,"Your TikTok account reported for community violation. Appeal: [link]"
spam,"Your Zelle payment of $900 failed. Retry here: [link]"
spam,"Your Geico insurance payment overdue. Update card: [link]"
spam,"Your Hulu subscription canceled due failed payment. Resubscribe: [link]"
spam,"Your Robinhood withdrawal of $5,000 on hold. Verify: [link]"
spam,"Your Amex card locked after $1,100 Nike purchase. Confirm?"
spam,"Your Temu order ready – pay $4.99 shipping for free items: [link]"
spam,"Your Vanguard account shows unauthorized login. Reset password: [link]"
spam,"Your Venmo account frozen. Upgrade to business to unlock: [link]"
spam,"Your Costco membership expired. Renew for $5 first month: [link]"
spam,"Your Cash App flipped $200 → $2,000 successful. Try again? Send $300."
spam,"Your US Bank account restricted. Call fraud department: [fake number]"
spam,"Your TurboTax refund approved $4,821. Deposit here: [link asking bank login]"
spam,"Your Xbox Live subscription auto-renewed $119. Call to cancel."
spam,"Your Best Buy order for MacBook shipped. Track: [malware link]"
spam,"Your PNC Bank card declined at gas station. Unlock here: [link]"
spam,"Your Shopify store suspended for policy violation. Reinstate: [link]"
spam,"Your Santander account locked. Verify identity: [link]"
spam,"Your Marriott rewards: 50,000 free points – redeem: [link]"
spam,"Your Ally Bank transfer of $3,000 failed. Retry: [link]"
spam,"Your Expedia booking confirmed – pay remaining $89: [link]"
spam,"Your Chime account limited. Verify SSN to unlock: [link]"
spam,"Your Navy Federal card starting ****9012 used $850 Amazon. Not you?"
spam,"Your Disney+ payment failed. Update billing: [link]"
spam,"Your Truist account suspended. Restore online banking: [link]"
spam,"Your Coinbase withdrawal blocked for security. Complete KYC: [link]"
spam,"Your Lowe’s gift card $500 free – complete offer: [link]"
spam,"Your TD Bank debit card locked. Call this number: [spoofed]"
spam,"Your Peacock subscription canceled. Resubscribe $1.99/mo: [fake]"
spam,"Your Fifth Third Bank alert: Unusual login from China. Secure account: [link]"
spam,"Your Kraken account restricted. Verify now: [link]"
spam,"Your Sam’s Club membership renewal $10 today only: [link]"
spam,"Your Barclays card payment overdue. Pay now: [link]"
spam,"Your BlockFi account compromised. Move funds immediately: [fake link]"
spam,"Your Regions Bank online access revoked. Restore: [link]"
spam,"Your Paramount+ free trial ended. Continue for $0.99: [link]"
spam,"Your Huntington Bank fraud alert $1,200 transfer. Approve?"
spam,"Your SoFi account locked after failed login attempts. Reset: [link]"
spam,"Your Old Navy order $278 ready for pickup. Confirm: [link]"
spam,"Your Citizens Bank card frozen. Call fraud line: [fake number]"
spam,"Your Binance.US verification required within 48h or account closure."
spam,"Your Wayfair order shipped – track with $3 insurance fee: [link]"
spam,"Your KeyBank account limited. Log in to fix: [phishing]"
spam,"Your Apple Cash $1,000 pending. Accept here: [link]"
spam,"Your Santander UK sort code changed. Update details: [link]"
spam,"Your SunTrust (now Truist) alert: Card used $950. Reply YES/NO"
spam,"Your Webull account restricted. Deposit $100 to unlock bonus."
spam,"Your Macy’s gift card $750 waiting. Activate: [link]"
spam,"Your PNC fraud alert: $800 ATM withdrawal not you? Call now."
spam,"Your Rocket Mortgage pre-approved $300k. Apply in 2 min: [link]"
spam,"Your Ally auto loan payment overdue. Pay to avoid repo."
spam,"Your Charles Schwab login from new device. Was this you?"
spam,"Your USAA account locked for security review. Unlock: [link]"
spam,"Your Navy Federal transfer $2,500 failed. Retry payment."
spam,"Your Credit One card payment declined. Update info: [link]"
spam,"Your First Premier Bank account past due. Pay $35 min."
spam,"Your Green Dot card blocked. Call customer service: [fake]"
spam,"Your Netspend account frozen. Load $50 to reactivate."
spam,"Your RushCard limited. Verify identity with photo ID upload."
spam,"Your ACE Elite card suspended. Call this toll-free number."
spam,"Your Mango card locked. Pay $4.95 reactivation fee."
spam,"Your H&R Block Emerald card restricted. Call now."
spam,"Your PayPower card declined. Reload to continue use."
spam,"Your account has been charged $399 for Geek Squad renewal. Call to dispute."
spam,"Your computer is infected with 17 viruses. Call Microsoft support now: 1-888-xxx-xxxx"
spam,"Final warning: Your car warranty is about to expire. Press 1 to speak to agent."
spam,"You’ve been overcharged on taxes – refund $2,187 ready. Click to claim."
spam,"Your account will be charged $999 for iCloud storage unless you call to cancel."
spam,"Police recorded your IP address visiting illegal sites. Pay fine in Bitcoin."
spam,"Your photo was posted on dark web. Pay $2,000 BTC to remove."
spam,"Your boss needs you to buy $500 in eBay cards right now for a client."
spam,"I’m a US soldier in Afghanistan, need help me move $8M inheritance."
spam,"Nigerian prince needs your help to transfer $25 million – small fee required."
spam,"You won Spanish lottery even though you didn’t play. Contact agent."
spam,"Romance scam: “I love you baby, send me $300 for plane ticket to meet you.”"
spam,"Your grandson in hospital after car crash, needs money for surgery, please don’t tell parents."
spam,"Your email sent spam to all contacts. Click to secure account."
spam,"Your domain expires tomorrow. Renew for $79 or lose it."
spam,"Your YouTube channel copyright strike. Pay $500 to remove."
spam,"Your credit card on file with Pornhub. Cancel subscription: [link]"
spam,"Your bank routing number exposed in data breach. Change immediately."
spam,"Your password was found on dark web. Reset all accounts now: [link]"
spam,"Free COVID grant $50,000 from FEMA. Apply here with SSN."
spam,"Your stimulus check $3,200 ready. Finalize direct deposit: [link]"
spam,"Your Medicare card deactivated. Call to reactivate: [fake CMS number]"
spam,"Your food stamps (SNAP) benefits suspended. Call to fix."
spam,"Your unemployment benefits stopped due fraud. Appeal here."
spam,"Your Section 8 voucher expiring. Renew online: [link asking SSN]"
spam,"Your life insurance policy canceled for non-payment. Reinstate now."
spam,"Your health insurance premium overdue. Pay to keep coverage."
spam,"Your electric bill past due – service cutoff in 24h. Pay here."
spam,"Your landlord needs rent via Cash App today because bank is down."
spam,"Your loan approved $10,000 same-day deposit. Pay $150 advance fee."
spam,"Your mortgage payment bounced. Pay $1,800 immediately to avoid foreclosure."
spam,"Your car title loan due. Pay $400 or vehicle repossessed tomorrow."
spam,"Your payday loan rollover fee $250 due today."
spam,"Your Timeshare exit team can get you out for $4,999 upfront."
spam,"Your student loan payment paused – but need $299 processing fee."
spam,"Your SBA loan approved $150k. Pay $500 legal fee first."
spam,"Your crypto wallet hacked. Send all coins to this address to recover."
spam,"Your Ledger hardware wallet needs firmware update. Enter seed here: [fake site]"
spam,"Your MetaMask compromised. Connect wallet to secure site: [drainer link]"
spam,"Your Phantom wallet shows 5 SOL incoming. Approve transaction to receive."
spam,"Your Trust Wallet needs to “sync” – enter 12-word phrase."
spam,"Your OpenSea account has suspicious activity"
spam,"KYC Alert: Your Aadhaar-PAN link will expire in 24 hours. Update now: [link]"
spam,"SBI Alert: Your account blocked due to suspicious activity. Verify: [link]"
spam,"Congratulations! You won ₹5,00,000 in KBC Lucky Draw. Send ₹8,500 processing fee."
spam,"Income Tax Refund ₹18,670 approved. Claim before 48hrs: [link]"
spam,"Your Jio number will be disconnected tonight. Recharge ₹49 to keep active: [link]"
spam,"HDFC Bank: ₹9,500 debited from your A/c XXXX4567 at Amazon. Not you? Call 98xxxxxx12"
spam,"Dear customer, your ATM card blocked. Call immediately 86xxxxxx09"
spam,"Your Google Pay account will be deleted. Verify OTP sent to alternate number."
spam,"IRCTC: Your Tatkal ticket confirmed. Pay ₹250 extra convenience fee: [link]"
spam,"Axis Bank: Your credit card blocked. Update PAN immediately: [link]"
spam,"Mam/Sir aapka Paytm KYC incomplete hai. ₹25,000 daily limit band ho jayega: [link]"
spam,"Bhai mera phone toot gaya, yeh naya number hai. Muje Paytm se ₹15,000 urgent bhej do."
spam,"Your EPF balance ₹1,28,000 ready for withdrawal. Complete KYC: [link]"
spam,"PM Kisan 16th installment ₹2,000 pending. Update bank details: [link]"
spam,"Electricity bill pending ₹4,872. Pay now or connection cut tomorrow: [link]"
spam,"Gas cylinder subsidy ₹985 not credited because Aadhaar not linked. Fix here: [link]"
spam,"Your PAN card deactivated by Income Tax Dept. Reactivate: [link]"
spam,"Dear customer aapke SBI account se ₹50,000 ka transaction hua hai. Galat hai to call 70xxxxxx01"
spam,"Lucky draw winner! You won Tata Safari. Pay only ₹12,500 registration fee."
spam,"Amazon KYC pending. Your account will be closed in 2 hours: [link]"
spam,"Your Aadhaar linked mobile number changed without permission. Secure now: [link]"
spam,"ICICI Bank: Fraudulent transaction ₹18,999. Call fraud department 90xxxxxx77"
spam,"Mummy mera phone gir gaya, yeh temporary number hai. PhonePe se ₹10,000 bhej do please."
spam,"GST refund ₹42,000 approved for your business. Pay ₹3,200 processing: [link]"
spam,"Your Kotak811 account frozen. Upload selfie with PAN to unlock."
spam,"RTO fine ₹5,500 pending on your vehicle DLxxxxxxx Pay here: [link]"
spam,"Your Airtel SIM will stop working in 4 hours. Dial 400amount# to save number."
spam,"Flipkart Lucky Draw: You won iPhone 15. Pay ₹4,999 shipping only."
spam,"Dear customer your Canara Bank debit card expires today. Renew: [link]"
spam,"Papa jail mein hoon, lawyer ko ₹50,000 CashApp pe bhej do, mummy ko mat batana."
spam,"Your UPI ID blocked by NPCI. Complete mandate: [link]"
spam,"Post Office RD matured ₹3,50,000. Claim with ₹6,500 tax."
spam,"Your Adhar card used for 7 new SIM cards. Block fraud: [link]"
spam,"Reliance Jio Fiber bill ₹1,299 overdue. Pay or service stop."
spam,"You won ₹25 lakh in Dream11 lucky draw. Send PAN & ₹15,000 tax."
spam,"Bank of Baroda: ₹25,000 transferred to Paytm wallet. Wrong? Call 84xxxxxx22"
spam,"Your FASTag balance low. Recharge ₹500 to avoid double toll."
spam,"Mausi hospital mein admit hain, ₹30,000 urgent PhonePe kar do."
spam,"Your PNB account will be closed for KYC failure. Update now: [link]"
spam,"Free recharge ₹555 – just port your number to new Vi SIM."
spam,"Your Bajaj Finserv EMI bounced. Pay ₹499 penalty to avoid CIBIL drop."
spam,"Delhi Police: Case filed against you for money laundering. Call 62xxxxxx55"
spam,"Your IndusInd credit card blocked after ₹32,000 transaction at BigBasket."
spam,"Sir aapka parcel customs mein ruk gaya. ₹18,000 clearance fee pay karo."
spam,"You are selected for Indian Army GD. Pay ₹8,200 for medical & form."
spam,"Your LIC policy will lapse tomorrow. Pay premium ₹9,800 online: [link]"
spam,"WhatsApp will charge ₹0.50 per message from tomorrow. Forward this to 10 people."
spam,"Your Voter ID cancelled because Aadhaar not linked. Update here: [link]"
spam,"Sir aapke name pe 5 crore ka loan approve ho gaya. ₹25,000 processing fee."
spam,"Your PhonePe wallet limited to ₹1,000. Complete full KYC: [link]"
spam,"Mukesh Ambani giving ₹5 lakh to every Indian. Register: [link]"
spam,"Your Swiggy account hacked. ₹8,500 order placed. Cancel here: [link]"
spam,"Ma’m aapke SBI account se 45,000 rupaye nikal gaye. Jaldi call kariye 80xxxxxx11"
spam,"Your Groww demat account suspended. Verify PAN & selfie."
spam,"Free ₹10,000 Amazon Pay balance – just add ₹500 first."
spam,"Your Zee5 subscription renewed ₹999. Call 88xxxxxx00 to cancel & refund."
spam,"Sir car accident ho gaya, hospital mein hoon, ₹40,000 urgent bhej do."
spam,"Your Aadhaar used to open 12 bank accounts. Block immediately: [link]"
spam,"HDFC Life policy bonus ₹1,80,000 ready. Pay ₹9,500 service charge."
spam,"Your UPI PIN reset required by RBI new rules. Set new PIN: [link]"
spam,"Congratulations! You won ₹3.5 crore in IPL lucky draw by Dhoni."
spam,"Your Ration card cancelled for not updated Aadhaar. Renew: [link]"
spam,"Papa lawyer bol rahe hain ₹75,000 bail ke liye, Gift card se bhej do."
spam,"Your Yes Bank account debited ₹29,999 for Netflix yearly. Wrong? Call now."
spam,"Free data 10GB Jio – click this APK to activate."
spam,"Your CIBIL score dropped to 520 because EMI miss. Fix for ₹999."
spam,"Sir aapka gold loan auction ho raha hai tomorrow. Pay ₹18,000 interest."
spam,"Your BHIM UPI blocked by government. Re-activate: [link]"
spam,"Ma’m police station se bol rahe hain, aapka beta pakda gaya hai."
spam,"Your Paytm Payments Bank closed by RBI. Transfer balance to new account."
spam,"Your Meesho lucky draw winner – ₹1,00,000 gift card. Pay ₹3,200 GST."
spam,"Sir aapke name pe drugs parcel seize hua Dubai customs mein."
spam,"Your Kotak credit card reward points expiring. Redeem ₹15,000 cashback: [link]"
spam,"Free ₹500 recharge on every ₹299 plan – limited offer by Airtel."
spam,"Your Axis ASAP account frozen for KYC. Upload Aadhaar front & back."
spam,"Sir aapka phone tap ho raha hai CBI ne. Safe number pe call kariye."
spam,"Your Amazon order iPhone 16 cancelled due to payment issue. Retry: [link]"
spam,"Your PM Awas Yojana ₹1,60,000 pending. Pay ₹4,200 registration."
spam,"Sir mera accident ho gaya London mein, ₹80,000 Western Union se bhej do."
spam,"Your Canara Bank YONO app login from Bihar. Not you? Block card."
spam,"Free Netflix 1 year – just pay ₹149 activation."
spam,"Your Aadhaar linked with fraud case in Mumbai. Call cyber cell 77xxxxxx44"
spam,"Sir aapke PAN se ₹80 lakh ka loan liya gaya hai. Clear record pay ₹25,000."
spam,"Your JioFiber shifted to postpaid. Pay ₹999 security deposit."
spam,"Lucky winner! You won ₹10 lakh from BigBasket. Pay ₹8,500 tax."
spam,"Your Bank of India account dormant. Reactivate with ₹2,500 minimum balance."
spam,"Sir mera kidney fail ho gaya, treatment ke liye ₹1,00,000 chahiye."
spam,"Your GST number suspended. Pay ₹15,000 penalty online."
spam,"Your IndusInd Pioneer account blocked. Call relationship manager 95xxxxxx88"
spam,"Free ₹1,000 wallet cash – just complete 5 offers."
spam,"Your Adhaar card blocked by UIDAI. Update biometric: [link]"
spam,"Sir aapka video viral ho raha hai wrong website pe. ₹20,000 de do delete kar dunga."
spam,"Your EPFO claim rejected. Pay ₹6,800 correction fee."
spam,"Your PPF account matured ₹8,50,000. Pay ₹12,000 TDS to withdraw."
spam,"Your UBER ride ₹1,850 not paid. Pay or police complaint."
spam,"Sir aapke daughter ka accident ho gaya college mein. Hospital bhej do ₹35,000."
spam,"Your Aadhaar-PF link failed. ₹2,000 fine or no withdrawal."
spam,"Your HDFC credit card upgraded to Regalia. Pay ₹2,500 annual fee."
spam,"Sir customs ne aapka iPhone parcel rok liya. ₹22,000 duty pay karo."
spam,"Your Paytm KYC expired. Daily limit ₹1,000 only now."
spam,"Free 1 year Gaana Plus – just pay ₹99 processing."
spam,"Your SBI reward points 15,000 expiring. Convert to cash: [link]"
spam,"Sir mera phone chori ho gaya Turkey mein, ₹50,000 bhej do return ticket ke liye."
spam,"Your RBL credit card blocked after ₹45,000 transaction at Ajio."
spam,"Your Aadhaar used for money laundering case in Delhi. Call 91xxxxxx33"
spam,"Sir aapke name pe 3 SIM active hain fraud ke liye. Block karo."
spam,"Your PMJJBY claim ₹2 lakh approved. Pay ₹3,300 legal fee."
spam,"Your Google Pay scratched ₹5,000 reward. Claim in 2 hours."
spam,"Sir aapka bank account NPA declare ho raha hai. ₹18,000 settle kar do."
spam,"Your Vi number ported to BSNL without permission. Stop here: [link]"
spam,"Your Kotak Mahindra debit card blocked. Call 1800-xxxx-xxx"
spam,"Sir mera naya business hai, ₹50,000 invest karo 1 month mein double."
spam,"Your Income Tax notice issued for ₹1,28,000. Pay online avoid jail."
spam,"Your Amazon Pay ICICI card reward ₹8,000 pending. Activate."
spam,"Sir police raid karne wali hai aapke ghar pe drugs case mein."
spam,"Your Aadhaar linked to 9 bank accounts fraud. Freeze now."
spam,"Your PNB Housing loan approved ₹25 lakh. Pay ₹18,500 processing."
spam,"Sir aapki photo adult site pe upload ho gayi. ₹15,000 do delete karwa dunga."
spam,"Your JioPostpaid bill ₹2,499 pending. Pay or number block."
spam,"Your Axis Bank privilege account downgrade warning. Maintain ₹5 lakh balance."
spam,"Sir aapke wife ka accident ho gaya, blood chahiye urgent ₹25,000."
spam,"Your UPI transaction failed due to new RBI rule. Update app: [fake APK]"
spam,"Your SBI CSP point registration fee ₹8,999 only today."
spam,"Your PM Kisan 17th kist ₹2,000 blocked. Update eKYC."
spam,"Sir mera passport expire ho gaya Dubai mein, ₹60,000 bhej do."
spam,"Your Paytm First membership renewed ₹499. Call to cancel."
spam,"Your Aadhaar card blacklisted. White list for ₹4,500."
spam,"Your HDFC Regalia card annual fee ₹10,000 debited. Reverse call 1800-xxxx"
spam,"Sir aapke name pe cyber crime case register ho gaya."
spam,"Your Freecharge wallet ₹5,000 bonus waiting. Add ₹500 first."
spam,"Your Airtel Black membership free for 1 year – pay ₹299 activation."
spam,"Sir aapka parcel Mumbai customs mein hai iPhone 15. ₹19,500 release fee."
spam,"Your EPF withdrawal ₹3,45,000 approved. Pay ₹9,800 TDS."
spam,"Your Axis ASAP zero-balance account closed. Reopen with ₹10,000."
spam,"Sir mera army camp mein phone allow nahi, yeh temporary number hai, ₹20,000 bhej do."
spam,"Your GST return not filed. ₹25,000 penalty notice issued."
spam,"Your PhonePe daily limit reduced to ₹5,000. Full KYC with Aadhaar OTP."
spam,"Your PNR confirmed WL1 to RAC. Pay ₹450 for confirmed seat."
spam,"Sir aapke son ka kidnapping ho gaya, ₹5 lakh ransom mang rahe hain."
spam,"Your Kotak 811 full KYC pending. Account freeze in 24hrs."
spam,"Your Income Tax return processed. Refund ₹28,450 pending bank update."
spam,"Sir aapki beti pregnant hai college mein, ₹1 lakh do case mat karo."
spam,"Your Jio number added to TRAI DND violation list. Remove for ₹999."
spam,"Your SBI debit card used ₹38,000 at Flipkart. Not you? Call now."
spam,"Sir aapke name pe 4 crore ka insurance claim approve hua hai."
spam,"Your Aadhaar biometric lock failed. Visit center or pay ₹2,500 home service."
spam,"Your Paytm Soundbox rental ₹199/month auto-debited. Cancel call 1800-xxxx"
spam,"Sir mera accident ho gaya Philippines mein, hospital bill ₹90,000."
spam,"Your PM Suraksha Bima claim ₹2 lakh ready. Pay ₹4,200 processing."
spam,"Your UPI ID deactivated by NPCI. Reactivate with new VPA. "
spam,"Sir aapka video ban gaya hai wrong website pe, ₹30,000 do delete."
spam,"Your Axis Bank salary account converted to regular. Maintain ₹25,000 balance."
spam,"Your KBC winner ₹25,00,000. Pay ₹18,500 conversion charge."
spam,"Sir aapke bank mein drug money aaya hai CBI freeze kar rahi hai."
spam,"Your Aadhaar linked mobile number deactivated. Reverify with OTP."
spam,"Your Groww mutual fund redemption on hold. Verify PAN."
spam,"Sir mera naya startup hai, ₹1 lakh invest karo 6 months mein 10 lakh."
spam,"Your Delhi Metro card blocked. Recharge ₹200 to unblock."
spam,"Your ICICI Lombard policy lapsed. Pay ₹8,500 to continue coverage."
spam,"Sir aapke name pe call girl booking hui hai police aa rahi hai."
spam,"Your JioFiber speed reduced to 1Mbps. Upgrade plan ₹999."
spam,"Your Paytm Postpaid ₹5,000 limit activated. Use now pay later."
spam,"Sir aapka accident ho gaya bolke fraud kar rahe log, mujhe ₹40,000 bhej do."
spam,"Your Aadhaar used to take ₹15 lakh personal loan. Check CIBIL."
spam,"Your SBI YONO blocked after 3 wrong attempts. Reset here."
spam,"Sir mera phone band ho gaya army camp mein, ₹25,000 canteen ke liye."
spam,"Your PM Awas Yojana list mein name aaya hai. ₹6,500 registration."
spam,"Your UPI mandate failed. Re-authorize ₹10,000 monthly."
spam,"Sir aapki nude video viral ho rahi hai, ₹50,000 do band karwa dunga."
spam,"Your Kotak debit card expired. New card activation fee ₹299."
spam,"Your Airtel DTH recharge failed. Pay ₹450 for HD pack."
spam,"Sir mera kidney transplant hai, ₹3 lakh chahiye urgent."
spam,"Your PAN card blocked by IT department. Pay ₹8,500 penalty."
spam,"Your Amazon account locked for KYC. Upload Aadhaar."
spam,"Sir aapke name pe terrorist funding case laga hai CBI ne."
spam,"Your Jio prepaid validity ending in 2 hours. Recharge ₹666 to continue."
spam,"Your Paytm wallet seized under FEMA. Transfer to new wallet."
spam,"Sir mera international roaming band hai, ₹30,000 bhej do call kar saku."
spam,"Your Aadhaar e-KYC failed at bank. Visit branch or pay ₹1,500 home visit."
spam,"Your SBI credit card reward 12,000 points expiring. Redeem now."
spam,"Sir aapka flat seal ho raha hai loan EMI miss hone se."
spam,"Your Google Pay Tez shot ₹1,000 cashback. Send ₹500 first."
spam,"Your Axis Bank NRI account frozen. Complete FATCA declaration."
spam,"Sir mera army leave cancel ho gaya, ₹35,000 chahiye ghar aane."
spam,"Your Income Tax raid tomorrow at your address. Settle ₹2 lakh."
spam,"Your Vi postpaid converted to prepaid. Pay ₹299 conversion fee."
spam,"Sir aapki wife ke saath wrong video hai mere pass, ₹1 lakh do."
spam,"Your EPFO pension stopped. Pay ₹5,500 correction charge."
spam,"Your Kotak securities demat frozen. Pay ₹2,999 annual maintenance."
spam,"Sir aapke bank se black money nikal raha hai IT department."
spam,"Your Aadhaar linked to fraud Amazon account. Remove link."
spam,"Your Jio number selected for free 1-year recharge. Register ₹199."
spam,"Sir mera phone jail mein allow nahi, ₹60,000 bail ke liye."
spam,"Your Paytm KYC video verification pending. Do live call now."
spam,"Your SBI account negative balance ₹-8,500. Deposit or legal action."
spam,"Sir aapke name pe 2 crore ka lottery laga hai Dubai mein."
spam,"Your Aadhaar biometric not updated since 2018. ₹2,200 fine."
spam,"Your Axis credit card lifetime free offer ending. Pay ₹5,000 to continue LTF."
spam,"Sir mera cancer stage 4 hai, treatment ke liye ₹5 lakh chahiye."
spam,"Your PAN-Aadhaar not linked = ₹10,000 penalty from 1st April. Link now: [fake IT site]"
ham,"Hey, are we still on for lunch today?"
ham,"Can you send me the report by 5 PM?"
ham,"Happy Birthday! Hope you have a great day."
ham,"I'll be there in 10 minutes."
ham,"Don't forget to buy milk on your way home."
ham,"Meeting rescheduled to tomorrow at 10 AM."
ham,"Your package has been delivered to your front porch."
ham,"Your appointment is confirmed for Friday at 2 PM."
ham,"Please review the attached document and let me know your thoughts."
ham,"Let's catch up this weekend."
ham,"The code for the gate is 1234."
ham,"Can you pick up the kids from school?"
ham,"I'm running late, start without me."
ham,"Did you see the game last night?"
ham,"Thanks for your help yesterday."
ham,"Your verification code is 4829."
ham,"Your Uber is arriving in 2 minutes."
ham,"Your table is ready."
ham,"Your flight has been delayed by 30 minutes."
ham,"Reminder: Dentist appointment tomorrow at 9 AM."
ham,"Your subscription has been successfully renewed."
ham,"Payment received. Thank you!"
ham,"Your order #12345 has been shipped."
ham,"Welcome to the team! We're excited to have you."
ham,"Please sign the contract and return it by Monday."
ham,"The meeting room has changed to Room 302."
ham,"Can you water the plants while I'm away?"
ham,"I left my keys on the table."
ham,"What time is the movie?"
ham,"Let's go for a hike on Saturday."
ham,"I'll bring the dessert."
ham,"Can you forward me that email?"
ham,"The project deadline has been extended."
ham,"Congratulations on your promotion!"
ham,"I'm stuck in traffic."
ham,"See you soon."
ham,"Call me when you get a chance."
ham,"Your refund has been processed."
ham,"Your password has been changed successfully."
ham,"New login from Chrome on Windows."
ham,"Your bill is ready to view."
ham,"Your data usage is at 90%."
ham,"Your prescription is ready for pickup."
ham,"Your library book is due soon."
ham,"Your gym membership is about to expire."
ham,"Your car service is complete."
ham,"Your pizza is out for delivery."
ham,"Your ride is here."
ham,"Your ticket is confirmed."
ham,"Your reservation is cancelled."
ham,"Your account balance is low."
ham,"Your credit card statement is available."
ham,"Your loan application is under review."
ham,"Your application has been received."
ham,"Your interview is scheduled for Tuesday."
ham,"Your offer letter is attached."
ham,"Your salary has been credited."
ham,"Your tax return has been filed."
ham,"Your insurance policy is active."
ham,"Your warranty is valid until 2025."
ham,"Your membership has been upgraded."
ham,"Your points have been redeemed."
ham,"Your gift card balance is $50."
ham,"Your coupon code is SAVE20."
ham,"Your discount has been applied."
ham,"Your free trial has started."
ham,"Your subscription will renew automatically."
ham,"Your account has been verified."
ham,"Your profile has been updated."
ham,"Your settings have been saved."
ham,"Your preferences have been updated."
ham,"Your notification settings have been changed."
ham,"Your privacy settings have been updated."
ham,"Your security settings have been updated."
ham,"Your contact info has been updated."
ham,"Your address has been updated."
ham,"Your phone number has been updated."
ham,"Your email has been updated."
ham,"Your payment method has been updated."
ham,"Your billing info has been updated."
ham,"Your shipping info has been updated."
ham,"Your order history is available."
ham,"Your download is ready."
ham,"Your upload is complete."
ham,"Your backup is complete."
ham,"Your sync is complete."
ham,"Your update is installed."
ham,"Your installation is complete."
ham,"Your setup is complete."
ham,"Your registration is complete."
ham,"Your activation is complete."
ham,"Your verification is pending."
ham,"Your approval is pending."
ham,"Your request is pending."
ham,"Your status is pending."
ham,"Your confirmation is pending."
ham,"Your authorization is pending."
ham,"Your validation is pending."
ham,"Your certification is pending."
ham,"Your accreditation is pending."
ham,"Your qualification is pending."
ham,"Your graduation is pending."
ham,"Your promotion is pending."
ham,"Your tenure is pending."
ham,"Your retirement is pending."
ham,"Your resignation is pending."
ham,"Your termination is pending."
ham,"Your suspension is pending."
ham,"Your expulsion is pending."
ham,"Your dismissal is pending."
ham,"Your rejection is pending."
ham,"Your denial is pending."
ham,"Your refusal is pending."
ham,"Your cancellation is pending."
ham,"Your revocation is pending."
ham,"Your withdrawal is pending."
ham,"Your removal is pending."
ham,"Your deletion is pending."
ham,"Your erasure is pending."
ham,"Your destruction is pending."
ham,"Your elimination is pending."
ham,"Your extermination is pending."
ham,"Your annihilation is pending."
ham,"Your obliteration is pending."
ham,"Your eradication is pending."
ham,"Your extirpation is pending."
ham,"Your liquidation is pending."
ham,"Your dissolution is pending."
ham,"Your disintegration is pending."
ham,"Your decomposition is pending."
ham,"Your decay is pending."
ham,"Your rot is pending."
ham,"Your spoilage is pending."
ham,"Your putrefaction is pending."
ham,"Your fermentation is pending."
ham,"Your mold is pending."
ham,"Your mildew is pending."
ham,"Your fungus is pending."
ham,"Your bacteria is pending."
ham,"Your virus is pending."
ham,"Your infection is pending."
ham,"Your disease is pending."
ham,"Your illness is pending."
ham,"Your sickness is pending."
ham,"Your ailment is pending."
ham,"Your malady is pending."
ham,"Your infirmity is pending."
ham,"Your affliction is pending."
ham,"Your disorder is pending."
ham,"Your condition is pending."
ham,"Your syndrome is pending."
ham,"Your symptom is pending."
ham,"Your sign is pending."
ham,"Your indication is pending."
ham,"Your manifestation is pending."
ham,"Your expression is pending."
ham,"Your demonstration is pending."
ham,"Your exhibition is pending."
ham,"Your display is pending."
ham,"Your show is pending."
ham,"Your performance is pending."
ham,"Your presentation is pending."
ham,"Your production is pending."
ham,"Your creation is pending."
ham,"Your invention is pending."
ham,"Your innovation is pending."
ham,"Your discovery is pending."
ham,"Your exploration is pending."
ham,"Your investigation is pending."
ham,"Your examination is pending."
ham,"Your inspection is pending."
ham,"Your analysis is pending."
ham,"Your evaluation is pending."
ham,"Your assessment is pending."
ham,"Your appraisal is pending."
ham,"Your estimation is pending."
ham,"Your calculation is pending."
ham,"Your computation is pending."
ham,"Your measurement is pending."
ham,"Your quantification is pending."
ham,"Your qualification is pending."
ham,"Your characterization is pending."
ham,"Your description is pending."
ham,"Your definition is pending."
ham,"Your explanation is pending."
ham,"Your interpretation is pending."
ham,"Your translation is pending."
ham,"Your transcription is pending."
ham,"Your transliteration is pending."
ham,"Your adaptation is pending."
ham,"Your modification is pending."
ham,"Your alteration is pending."
ham,"Your variation is pending."
ham,"Your change is pending."
ham,"Your adjustment is pending."
ham,"Your regulation is pending."
ham,"Your control is pending."
ham,"Your management is pending."
ham,"Your administration is pending."
ham,"Your supervision is pending."
ham,"Your direction is pending."
ham,"Your guidance is pending."
ham,"Your instruction is pending."
ham,"Your education is pending."
ham,"Your training is pending."
ham,"Your teaching is pending."
ham,"Your learning is pending."
ham,"Your study is pending."
ham,"Your research is pending."
ham,"Your scholarship is pending."
ham,"Your academia is pending."
ham,"Your university is pending."
ham,"Your college is pending."
ham,"Your school is pending."
ham,"Your institute is pending."
ham,"Your academy is pending."
ham,"Your seminary is pending."
ham,"Your conservatory is pending."
ham,"Your laboratory is pending."
ham,"Your workshop is pending."
ham,"Your studio is pending."
ham,"Your atelier is pending."
ham,"Your office is pending."
ham,"Your bureau is pending."
ham,"Your agency is pending."
ham,"Your department is pending."
ham,"Your division is pending."
ham,"Your branch is pending."
ham,"Your section is pending."
ham,"Your unit is pending."
ham,"Your squad is pending."
ham,"Your team is pending."
ham,"Your group is pending."
ham,"Your crew is pending."
ham,"Your gang is pending."
ham,"Your band is pending."
ham,"Your orchestra is pending."
ham,"Your choir is pending."
ham,"Your chorus is pending."
ham,"Your ensemble is pending."
ham,"Your troupe is pending."
ham,"Your company is pending."
ham,"Your cast is pending."
ham,"Your staff is pending."
ham,"Your faculty is pending."
ham,"Your personnel is pending."
ham,"Your workforce is pending."
ham,"Your manpower is pending."
ham,"Your labor is pending."
ham,"Your employees is pending."
ham,"Your workers is pending."
ham,"Your laborers is pending."
ham,"Your operators is pending."
ham,"Your technicians is pending."
ham,"Your engineers is pending."
ham,"Your mechanics is pending."
ham,"Your electricians is pending."
ham,"Your plumbers is pending."
ham,"Your carpenters is pending."
ham,"Your painters is pending."
ham,"Your welders is pending."
ham,"Your machinists is pending."
ham,"Your drivers is pending."
ham,"Your pilots is pending."
ham,"Your sailors is pending."
ham,"Your soldiers is pending."
ham,"Your police is pending."
ham,"Your firefighters is pending."
ham,"Your doctors is pending."
ham,"Your nurses is pending."
ham,"Your teachers is pending."
ham,"Your lawyers is pending."
ham,"Your judges is pending."
ham,"Your politicians is pending."
ham,"Your bureaucrats is pending."
ham,"Your diplomats is pending."
ham,"Your ambassadors is pending."
ham,"Your ministers is pending."
ham,"Your presidents is pending."
ham,"Your kings is pending."
ham,"Your queens is pending."
ham,"Your princes is pending."
ham,"Your princesses is pending."
ham,"Your dukes is pending."
ham,"Your duchesses is pending."
ham,"Your earls is pending."
ham,"Your countesses is pending."
ham,"Your barons is pending."
ham,"Your baronesses is pending."
ham,"Your lords is pending."
ham,"Your ladies is pending."
ham,"Your knights is pending."
ham,"Your dames is pending."
ham,"Your squires is pending."
ham,"Your pages is pending."
ham,"Your servants is pending."
ham,"Your maids is pending."
ham,"Your butlers is pending."
ham,"Your cooks is pending."
ham,"Your chefs is pending."
ham,"Your waiters is pending."
ham,"Your waitresses is pending."
ham,"Your bartenders is pending."
ham,"Your hosts is pending."
ham,"Your hostesses is pending."
ham,"Your concierges is pending."
ham,"Your porters is pending."
ham,"Your bellhops is pending."
ham,"Your doormen is pending."
ham,"Your valets is pending."
ham,"Your chauffeurs is pending."
ham,"Your gardeners is pending."
ham,"Your landscapers is pending."
ham,"Your farmers is pending."
ham,"Your ranchers is pending."
ham,"Your fishermen is pending."
ham,"Your hunters is pending."
ham,"Your gatherers is pending."
ham,"Your miners is pending."
ham,"Your loggers is pending."
ham,"Your construction workers is pending."
ham,"Your factory workers is pending."
ham,"Your warehouse workers is pending."
ham,"Your retail workers is pending."
ham,"Your service workers is pending."
ham,"Your office workers is pending."
ham,"Your gig workers is pending."
ham,"Your freelancers is pending."
ham,"Your contractors is pending."
ham,"Your consultants is pending."
ham,"Your advisors is pending."
ham,"Your experts is pending."
ham,"Your specialists is pending."
ham,"Your professionals is pending."
ham,"Your amateurs is pending."
ham,"Your novices is pending."
ham,"Your beginners is pending."
ham,"Your learners is pending."
ham,"Your students is pending."
ham,"Your pupils is pending."
ham,"Your apprentices is pending."
ham,"Your interns is pending."
ham,"Your trainees is pending."
ham,"Your probationers is pending."
ham,"Your candidates is pending."
ham,"Your applicants is pending."
ham,"Your nominees is pending."
ham,"Your contenders is pending."
ham,"Your competitors is pending."
ham,"Your rivals is pending."
ham,"Your opponents is pending."
ham,"Your adversaries is pending."
ham,"Your enemies is pending."
ham,"Your foes is pending."
ham,"Your antagonists is pending."
ham,"Your villains is pending."
ham,"Your criminals is pending."
ham,"Your offenders is pending."
ham,"Your delinquents is pending."
ham,"Your felons is pending."
ham,"Your convicts is pending."
ham,"Your prisoners is pending."
ham,"Your inmates is pending."
ham,"Your captives is pending."
ham,"Your hostages is pending."
ham,"Your victims is pending."
ham,"Your casualties is pending."
ham,"Your survivors is pending."
ham,"Your refugees is pending."
ham,"Your immigrants is pending."
ham,"Your emigrants is pending."
ham,"Your migrants is pending."
ham,"Your tourists is pending."
ham,"Your travelers is pending."
ham,"Your visitors is pending."
ham,"Your guests is pending."
ham,"Your strangers is pending."
ham,"Your foreigners is pending."
ham,"Your aliens is pending."
ham,"Your citizens is pending."
ham,"Your residents is pending."
ham,"Your natives is pending."
ham,"Your locals is pending."
ham,"Your neighbors is pending."
ham,"Your friends is pending."
ham,"Your family is pending."
ham,"Your relatives is pending."
ham,"Your parents is pending."
ham,"Your children is pending."
ham,"Your siblings is pending."
ham,"Your spouses is pending."
ham,"Your partners is pending."
ham,"Your lovers is pending."
ham,"Your colleagues is pending."
ham,"Your coworkers is pending."
ham,"Your peers is pending."
ham,"Your associates is pending."
ham,"Your allies is pending."
ham,"Your supporters is pending."
ham,"Your followers is pending."
ham,"Your fans is pending."
ham,"Your audience is pending."
ham,"Your spectators is pending."
ham,"Your observers is pending."
ham,"Your witnesses is pending."
ham,"Your bystanders is pending."
ham,"Your participants is pending."
ham,"Your members is pending."
ham,"Your subscribers is pending."
ham,"Your customers is pending."
ham,"Your clients is pending."
ham,"Your patrons is pending."
ham,"Your buyers is pending."
ham,"Your shoppers is pending."
ham,"Your consumers is pending."
ham,"Your users is pending."
ham,"Your players is pending."
ham,"Your gamers is pending."
ham,"Your athletes is pending."
ham,"Your artists is pending."
ham,"Your musicians is pending."
ham,"Your writers is pending."
ham,"Your actors is pending."
ham,"Your directors is pending."
ham,"Your producers is pending."
ham,"Your designers is pending."
ham,"Your developers is pending."
ham,"Your programmers is pending."
ham,"Your engineers is pending."
ham,"Your scientists is pending."
ham,"Your researchers is pending."
ham,"Your inventors is pending."
ham,"Your explorers is pending."
ham,"Your pioneers is pending."
ham,"Your leaders is pending."
ham,"Your rulers is pending."
ham,"Your governors is pending."
ham,"Your commanders is pending."
ham,"Your captains is pending."
ham,"Your chiefs is pending."
ham,"Your bosses is pending."
ham,"Your managers is pending."
ham,"Your supervisors is pending."
ham,"Your executives is pending."
ham,"Your directors is pending."
ham,"Your officers is pending."
ham,"Your officials is pending."
ham,"Your authorities is pending."
ham,"Your powers is pending."
ham,"Your forces is pending."
ham,"Your energies is pending."
ham,"Your spirits is pending."
ham,"Your souls is pending."
ham,"Your minds is pending."
ham,"Your hearts is pending."
ham,"Your bodies is pending."
ham,"Your lives is pending."
ham,"Your deaths is pending."
ham,"Your births is pending."
ham,"Your beginnings is pending."
ham,"Your endings is pending."
ham,"Your starts is pending."
ham,"Your finishes is pending."
ham,"Your openings is pending."
ham,"Your closings is pending."
ham,"Your arrivals is pending."
ham,"Your departures is pending."
ham,"Your entries is pending."
ham,"Your exits is pending."
ham,"Your inputs is pending."
ham,"Your outputs is pending."
ham,"Your incomes is pending."
ham,"Your expenses is pending."
ham,"Your profits is pending."
ham,"Your losses is pending."
ham,"Your gains is pending."
ham,"Your pains is pending."
ham,"Your pleasures is pending."
ham,"Your joys is pending."
ham,"Your sorrows is pending."
ham,"Your hopes is pending."
ham,"Your fears is pending."
ham,"Your dreams is pending."
ham,"Your nightmares is pending."
ham,"Your wishes is pending."
ham,"Your regrets is pending."
ham,"Your memories is pending."
ham,"Your thoughts is pending."
ham,"Your ideas is pending."
ham,"Your beliefs is pending."
ham,"Your opinions is pending."
ham,"Your views is pending."
ham,"Your perspectives is pending."
ham,"Your attitudes is pending."
ham,"Your values is pending."
ham,"Your principles is pending."
ham,"Your ethics is pending."
ham,"Your morals is pending."
ham,"Your standards is pending."
ham,"Your norms is pending."
ham,"Your rules is pending."
ham,"Your laws is pending."
ham,"Your regulations is pending."
ham,"Your policies is pending."
ham,"Your procedures is pending."
ham,"Your processes is pending."
ham,"Your systems is pending."
ham,"Your structures is pending."
ham,"Your organizations is pending."
ham,"Your institutions is pending."
ham,"Your societies is pending."
ham,"Your cultures is pending."
ham,"Your civilizations is pending."
ham,"Your worlds is pending."
ham,"Your universes is pending."
ham,"Your dimensions is pending."
ham,"Your realities is pending."
ham,"Your truths is pending."
ham,"Your lies is pending."
ham,"Your facts is pending."
ham,"Your fictions is pending."
ham,"Your myths is pending."
ham,"Your legends is pending."
ham,"Your stories is pending."
ham,"Your tales is pending."
ham,"Your narratives is pending."
ham,"Your accounts is pending."
ham,"Your reports is pending."
ham,"Your records is pending."
ham,"Your documents is pending."
ham,"Your files is pending."
ham,"Your data is pending."
ham,"Your information is pending."
ham,"Your knowledge is pending."
ham,"Your wisdom is pending."
ham,"Your understanding is pending."
ham,"Your insight is pending."
ham,"Your intelligence is pending."
ham,"Your consciousness is pending."
ham,"Your awareness is pending."
ham,"Your perception is pending."
ham,"Your sensation is pending."
ham,"Your feeling is pending."
ham,"Your emotion is pending."
ham,"Your mood is pending."
ham,"Your temperament is pending."
ham,"Your personality is pending."
ham,"Your character is pending."
ham,"Your identity is pending."
ham,"Your self is pending."
ham,"Your ego is pending."
ham,"Your superego is pending."
ham,"Your id is pending."
ham,"Your subconscious is pending."
ham,"Your unconscious is pending."
ham,"Your soul is pending."
ham,"Your spirit is pending."
ham,"Your ghost is pending."
ham,"Your phantom is pending."
ham,"Your shadow is pending."
ham,"Your reflection is pending."
ham,"Your image is pending."
ham,"Your likeness is pending."
ham,"Your appearance is pending."
ham,"Your form is pending."
ham,"Your shape is pending."
ham,"Your size is pending."
ham,"Your color is pending."
ham,"Your texture is pending."
ham,"Your sound is pending."
ham,"Your smell is pending."
ham,"Your taste is pending."
ham,"Your touch is pending."
ham,"Your sight is pending."
ham,"Your hearing is pending."
ham,"Your vision is pending."
ham,"Your audition is pending."
ham,"Your olfaction is pending."
ham,"Your gustation is pending."
ham,"Your somatosensation is pending."
ham,"Your proprioception is pending."
ham,"Your vestibular sense is pending."
ham,"Your kinesthesia is pending."
ham,"Your thermoception is pending."
ham,"Your nociception is pending."
ham,"Your chronoception is pending."
ham,"Your magnetoception is pending."
ham,"Your electroception is pending."
ham,"Your echolocation is pending."
ham,"Your intuition is pending."
ham,"Your instinct is pending."
ham,"Your reflex is pending."
ham,"Your reaction is pending."
ham,"Your response is pending."
ham,"Your behavior is pending."
ham,"Your action is pending."
ham,"Your activity is pending."
ham,"Your movement is pending."
ham,"Your motion is pending."
ham,"Your rest is pending."
ham,"Your sleep is pending."
ham,"Your dream is pending."
ham,"Your wakefulness is pending."
ham,"Your alertness is pending."
ham,"Your attention is pending."
ham,"Your focus is pending."
ham,"Your concentration is pending."
ham,"Your distraction is pending."
ham,"Your confusion is pending."
ham,"Your clarity is pending."
ham,"Your certainty is pending."
ham,"Your doubt is pending."
ham,"Your skepticism is pending."
ham,"Your belief is pending."
ham,"Your faith is pending."
ham,"Your trust is pending."
ham,"Your confidence is pending."
ham,"Your hope is pending."
ham,"Your despair is pending."
ham,"Your joy is pending."
ham,"Your sorrow is pending."
ham,"Your happiness is pending."
ham,"Your sadness is pending."
ham,"Your anger is pending."
ham,"Your fear is pending."
ham,"Your surprise is pending."
ham,"Your disgust is pending."
ham,"Your anticipation is pending."
ham,"Your acceptance is pending."
ham,"Your rejection is pending."
ham,"Your love is pending."
ham,"Your hate is pending."
ham,"Your like is pending."
ham,"Your dislike is pending."
ham,"Your preference is pending."
ham,"Your indifference is pending."
ham,"Your passion is pending."
ham,"Your apathy is pending."
ham,"Your enthusiasm is pending."
ham,"Your boredom is pending."
ham,"Your excitement is pending."
ham,"Your calm is pending."
ham,"Your peace is pending."
ham,"Your war is pending."
ham,"Your conflict is pending."
ham,"Your harmony is pending."
ham,"Your balance is pending."
ham,"Your imbalance is pending."
ham,"Your stability is pending."
ham,"Your instability is pending."
ham,"Your order is pending."
ham,"Your chaos is pending."
ham,"Your entropy is pending."
ham,"Your energy is pending."
ham,"Your matter is pending."
ham,"Your antimatter is pending."
ham,"Your dark matter is pending."
ham,"Your dark energy is pending."
ham,"Your gravity is pending."
ham,"Your electromagnetism is pending."
ham,"Your strong force is pending."
ham,"Your weak force is pending."
ham,"Your space is pending."
ham,"Your time is pending."
ham,"Your spacetime is pending."
ham,"Your universe is pending."
ham,"Your multiverse is pending."
ham,"Your omniverse is pending."
ham,"Your nothingness is pending."
ham,"Your everything is pending."
ham,"Your infinity is pending."
ham,"Your eternity is pending."
